[{"@type":"mappingTemplate","id":"@1","name":"m_names","description":"","autoExpireObject":false,"bundleVersion":"0","assetFrsGuid":"fJjMX1rYE8FcSXXE6G48m0","templateId":"@3","deployTime":1740484862000,"hasParameters":false,"valid":true,"fixedConnection":true,"hasParametersDeployed":false,"fixedConnectionDeployed":true,"isSchemaValidationEnabled":false,"tasks":0,"mappingPreviewFileRecordId":"@2","documentType":"MAPPING","references":[{"@type":"reference","refObjectId":"@hqlFNonLGsIetJwyb9QCS3","refType":"connection"}]}]